 , ,,,,,,,,,,,,,,,,,,,,,,,,,,,,,,,,,,,,,,,,,,,,,,,,,,,,,,,,,,,,,,,,,,,,,,,,,,,,,,,,,,,,,,,,,,,,,,,,,,,,,,,,,,,,,,,,,,,,,,,,
82,0,81.55081,8.571335,80.2081,17.04875,77.98663,25.3394,74.91074,33.3524,71.01407,41,66.33939,48.19839,60.93787,54.86871,54.86871,60.93787,48.19839,66.33939,41,71.0141,33.35242,74.91074,25.33939,77.98663,17.04877,80.2081,8.57132,81.55081,0,82,-8.57135,81.55081,-17.04877,80.2081,-25.33939,77.98663,-33.35242,74.91074,-41,71.01407,-48.19839,66.33939,-54.86871,60.9379,-60.93787,54.86871,-66.33939,48.19843,-71.01407,41.00003,-74.91071,33.35245,-77.9866,25.33945,-80.2081,17.04883,-81.55078,8.571411,-82,9.16E-05,-81.55081,-8.571228,-80.20813,-17.04865,-77.98666,-25.33928,-74.91077,-33.35229,-71.01416,-40.99988,-66.33948,-48.19827,-60.93799,-54.86859,-54.86884,-60.93776,-48.19852,-66.33929,-41.00015,-71.01399,-33.35257,-74.91064,-25.3396,-77.98657,-17.04898,-80.20805,-8.571564,-81.55077,-0.000244141,-82,8.571106,-81.55083,17.04852,-80.20816,25.33914,-77.98671,33.35214,-74.91084,40.99976,-71.01422,48.19815,-66.33957,54.8685,-60.93808,60.93768,-54.86894,66.3392,-48.19865,71.01392,-41.00029,74.91058,-33.35272,77.98654,-25.33972,80.20804,-17.0491,81.55075,-8.571701,82,-0.00038147
82,0,81.55078,8.57132,80.20813,17.04877,77.98663,25.33939,74.91071,33.35242,71.0141,41,66.33942,48.19839,60.93787,54.86871,54.86871,60.93787,48.19836,66.33939,41,71.0141,33.35242,74.91074,25.33942,77.98663,17.04877,80.2081,8.57135,81.55081,0,82,-8.57135,81.55081,-17.04877,80.2081,-25.33942,77.98663,-33.35242,74.91074,-41,71.01407,-48.19839,66.33939,-54.86871,60.9379,-60.93787,54.86871,-66.33939,48.19843,-71.01407,41.00003,-74.91071,33.35245,-77.9866,25.33945,-80.2081,17.04883,-81.55078,8.571411,-82,9.16E-05,-81.55081,-8.571228,-80.20813,-17.04865,-77.98666,-25.33929,-74.91077,-33.35229,-71.01416,-40.99988,-66.33948,-48.19827,-60.93799,-54.86859,-54.86884,-60.93777,-48.19852,-66.33929,-41.00018,-71.01398,-33.3526,-74.91064,-25.3396,-77.98657,-17.04895,-80.20807,-8.571533,-81.55078,-0.000244141,-82,8.571106,-81.55081,17.04852,-80.20816,25.33917,-77.98672,33.35217,-74.91083,40.99976,-71.01422,48.19818,-66.33957,54.86847,-60.93808,60.93768,-54.86893,66.33923,-48.19864,71.01392,-41.00027,74.91058,-33.35272,77.98651,-25.33972,80.20801,-17.0491,81.55078,-8.571686,82,-0.000366211
129,0,128.2933,13.48418,126.181,26.8206,122.6863,39.86319,117.8474,52.46902,111.7173,64.5,104.3632,75.82431,95.86566,86.31784,86.31787,95.86569,75.82428,104.3632,64.5,111.7173,52.46899,117.8474,39.86316,122.6863,26.82062,126.181,13.48419,128.2933,0,129,-13.48419,128.2933,-26.82062,126.181,-39.86322,122.6863,-52.46906,117.8474,-64.5,111.7173,-75.82428,104.3632,-86.31781,95.86569,-95.86566,86.31787,-104.3632,75.82434,-111.7172,64.50006,-117.8474,52.46912,-122.6863,39.86328,-126.181,26.82072,-128.2933,13.4843,-129,0.000137329,-128.2933,-13.48401,-126.1811,-26.82043,-122.6863,-39.86301,-117.8475,-52.46884,-111.7174,-64.49982,-104.3633,-75.82411,-95.86584,-86.31767,-86.31805,-95.86551,-75.82452,-104.363,-64.50024,-111.7171,-52.4693,-117.8472,-39.86353,-122.6862,-26.82092,-126.181,-13.4845,-128.2933,-0.000366211,-129,13.48376,-128.2934,26.82019,-126.1811,39.86279,-122.6864,52.46863,-117.8475,64.49963,-111.7175,75.82391,-104.3635,86.3175,-95.866,95.86536,-86.31821,104.3629,-75.82471,111.717,-64.50044,117.8472,-52.46951,122.6861,-39.86371,126.1809,-26.82115,128.2933,-13.48474,129,-0.000595093
108,0,107.4084,11.28908,105.64,22.45447,102.7141,33.37384,98.6629,43.92755,93.53076,54,87.37384,63.4808,80.25964,72.26611,72.26611,80.25964,63.48083,87.37384,54,93.53075,43.92755,98.66292,33.37384,102.7141,22.45447,105.6399,11.28906,107.4084,0,108,-11.28906,107.4084,-22.45447,105.6399,-33.37384,102.7141,-43.92755,98.6629,-54,93.53075,-63.48077,87.37384,-72.26611,80.25966,-80.25964,72.26613,-87.37384,63.48085,-93.5307,54.00005,-98.6629,43.92763,-102.7141,33.37392,-105.64,22.45456,-107.4083,11.28918,-108,0.00012207,-107.4084,-11.28894,-105.64,-22.45432,-102.7142,-33.37369,-98.66296,-43.92741,-93.53082,-53.99984,-87.37396,-63.48065,-80.25977,-72.26595,-72.2663,-80.25949,-63.48102,-87.3737,-54.00018,-93.53062,-43.9278,-98.6628,-33.37408,-102.714,-22.45471,-105.6399,-11.28937,-107.4083,-0.000305176,-108,11.28876,-107.4084,22.45416,-105.64,33.37354,-102.7142,43.92725,-98.66306,53.99969,-93.53093,63.48047,-87.37406,72.26581,-80.2599,80.2594,-72.26641,87.3736,-63.48115,93.53052,-54.00037,98.66272,-43.92796,102.714,-33.37427,105.6398,-22.45493,107.4083,-11.28955,108,-0.00050354
145,0,144.2057,15.15662,141.8314,30.14719,137.9032,44.80746,132.4641,58.97681,125.5737,72.5,117.3075,85.22885,107.756,97.02393,97.02393,107.756,85.22888,117.3075,72.5,125.5737,58.97681,132.4641,44.80743,137.9032,30.14722,141.8314,15.15662,144.2057,0,145,-15.15662,144.2057,-30.14722,141.8314,-44.8075,137.9032,-58.97681,132.4641,-72.5,125.5737,-85.22888,117.3075,-97.02393,107.756,-107.756,97.02396,-117.3074,85.22891,-125.5737,72.50006,-132.4641,58.9769,-137.9031,44.80756,-141.8314,30.14731,-144.2057,15.15677,-145,0.000152588,-144.2057,-15.15646,-141.8314,-30.147,-137.9033,-44.80725,-132.4642,-58.97659,-125.5738,-72.49979,-117.3076,-85.22864,-107.7562,-97.02373,-97.02417,-107.7558,-85.22913,-117.3073,-72.50031,-125.5735,-58.97711,-132.4639,-44.8078,-137.9031,-30.14758,-141.8313,-15.15704,-144.2056,-0.000427246,-145,15.15619,-144.2057,30.14673,-141.8315,44.80701,-137.9033,58.97638,-132.4643,72.49957,-125.5739,85.22845,-117.3078,97.02356,-107.7563,107.7556,-97.02435,117.3071,-85.22931,125.5734,-72.50049,132.4639,-58.97736,137.903,-44.80804,141.8313,-30.14783,144.2056,-15.15726,145,-0.000671387
89,0,88.51245,9.30304,87.05511,18.50415,84.64404,27.5025,81.30554,36.19958,77.07623,44.5,72.0025,52.31287,66.13989,59.55261,59.55261,66.13989,52.31287,72.0025,44.5,77.07629,36.19958,81.30554,27.5025,84.64404,18.50415,87.05511,9.30304,88.51245,0,89,-9.30304,88.51245,-18.50415,87.05511,-27.5025,84.64404,-36.19958,81.30554,-44.5,77.07623,-52.31287,72.0025,-59.55261,66.13989,-66.13989,59.55261,-72.0025,52.31293,-77.07623,44.50006,-81.30554,36.19958,-84.64398,27.50256,-87.05511,18.50421,-88.51245,9.303101,-89,0.00012207,-88.51245,-9.302917,-87.05518,-18.50403,-84.64404,-27.50238,-81.3056,-36.19946,-77.07635,-44.49988,-72.00262,-52.31274,-66.14001,-59.55249,-59.55273,-66.13977,-52.31305,-72.00238,-44.50018,-77.07617,-36.19977,-81.30548,-27.50275,-84.64398,-18.50439,-87.05511,-9.303284,-88.51245,-0.000244141,-89,9.302795,-88.51245,18.50385,-87.05518,27.50226,-84.6441,36.19928,-81.30566,44.49976,-77.07642,52.31262,-72.00269,59.55237,-66.14008,66.13965,-59.55286,72.00232,-52.31317,77.07611,-44.50031,81.30542,-36.19989,84.64392,-27.50287,87.05505,-18.50452,88.51239,-9.303406,89,-0.000427246
83,0,82.54532,8.675842,81.18625,17.25665,78.93768,25.64844,75.82428,33.75916,71.8801,41.5,67.14841,48.78619,61.68103,55.53784,55.53784,61.68103,48.78616,67.14844,41.5,71.88013,33.75912,75.82428,25.64841,78.93768,17.25665,81.18628,8.675873,82.54535,0,83,-8.675873,82.54535,-17.25668,81.18622,-25.64841,78.93768,-33.75916,75.82428,-41.5,71.88013,-48.78616,67.14844,-55.53784,61.68103,-61.681,55.53784,-67.14838,48.78619,-71.8801,41.50006,-75.82425,33.75922,-78.93768,25.6485,-81.18625,17.25671,-82.54532,8.675964,-83,0.00012207,-82.54532,-8.675781,-81.18628,-17.25659,-78.93771,-25.64832,-75.82431,-33.75903,-71.88019,-41.49988,-67.1485,-48.78607,-61.68112,-55.53772,-55.53796,-61.68091,-48.78632,-67.14832,-41.50015,-71.88,-33.75931,-75.82422,-25.64862,-78.93762,-17.2569,-81.18622,-8.676086,-82.54529,-0.000244141,-83,8.675629,-82.54535,17.25641,-81.18628,25.64816,-78.93774,33.75888,-75.8244,41.49976,-71.88025,48.78595,-67.14856,55.53763,-61.68121,61.68082,-55.53809,67.14822,-48.78644,71.87994,-41.50031,75.82413,-33.75946,78.93759,-25.64874,81.18619,-17.25702,82.54529,-8.676208,83,-0.000366211
133,0,132.2714,13.90228,130.0936,27.65225,126.4905,41.09927,121.5016,54.09598,115.1814,66.5,107.5993,78.17542,98.83826,88.99438,88.99435,98.83826,78.17545,107.5992,66.5,115.1814,54.09598,121.5015,41.09924,126.4905,27.65225,130.0936,13.90228,132.2714,0,133,-13.90228,132.2714,-27.65227,130.0936,-41.09926,126.4905,-54.09598,121.5015,-66.50002,115.1814,-78.17543,107.5992,-88.99435,98.83826,-98.83824,88.99438,-107.5992,78.17548,-115.1814,66.50006,-121.5015,54.09604,-126.4905,41.09937,-130.0936,27.65237,-132.2714,13.9024,-133,0.000152588,-132.2714,-13.90213,-130.0937,-27.65207,-126.4906,-41.09906,-121.5016,-54.09579,-115.1815,-66.49982,-107.5994,-78.17523,-98.83844,-88.99417,-88.99457,-98.83807,-78.17567,-107.5991,-66.50026,-115.1812,-54.09627,-121.5014,-41.09958,-126.4904,-27.65259,-130.0936,-13.90265,-132.2714,-0.000366211,-133,13.90189,-132.2715,27.65186,-130.0937,41.09885,-126.4907,54.09558,-121.5017,66.4996,-115.1816,78.17505,-107.5995,88.99402,-98.83859,98.83792,-88.99475,107.5989,-78.17587,115.1811,-66.50046,121.5013,-54.09647,126.4904,-41.09979,130.0935,-27.65283,132.2714,-13.90286,133,-0.000610352
116,0,115.3645,12.12531,113.4651,24.11777,110.3226,35.84598,105.9713,47.18146,100.459,58,93.84598,68.18307,86.2048,77.61914,77.61914,86.2048,68.18307,93.84598,58,100.459,47.18146,105.9713,35.84596,110.3226,24.11775,113.4651,12.12529,115.3645,0,116,-12.12531,115.3645,-24.11777,113.4651,-35.84598,110.3225,-47.18146,105.9713,-58,100.459,-68.18307,93.84598,-77.61914,86.2048,-86.20477,77.61917,-93.84595,68.18314,-100.4589,58.00006,-105.9712,47.18152,-110.3225,35.84607,-113.4651,24.11786,-115.3645,12.12543,-116,0.00012207,-115.3646,-12.12517,-113.4651,-24.1176,-110.3226,-35.84581,-105.9713,-47.18129,-100.459,-57.99983,-93.8461,-68.18292,-86.20496,-77.61899,-77.61932,-86.20464,-68.18329,-93.84583,-58.00023,-100.4588,-47.1817,-105.9712,-35.84625,-110.3225,-24.11806,-113.4651,-12.12561,-115.3645,-0.000335693,-116,12.12495,-115.3646,24.1174,-113.4652,35.84563,-110.3227,47.18109,-105.9714,57.99966,-100.4592,68.18277,-93.84622,77.61884,-86.20508,86.2045,-77.61948,93.8457,-68.18346,100.4587,-58.0004,105.9711,-47.18188,110.3224,-35.84644,113.465,-24.11826,115.3645,-12.12582,116,-0.000534058
79,0,78.56723,8.257751,77.27365,16.42503,75.13345,24.41235,72.17007,32.13219,68.41602,39.5,63.91235,46.43504,58.70844,52.86132,52.86133,58.70844,46.43503,63.91234,39.5,68.41602,32.1322,72.17009,24.41235,75.13347,16.42502,77.27367,8.257751,78.56723,0,79,-8.257751,78.56723,-16.42502,77.27365,-24.41235,75.13347,-32.1322,72.17009,-39.5,68.416,-46.43503,63.91234,-52.8613,58.70845,-58.70844,52.86134,-63.91232,46.43507,-68.41599,39.50004,-72.17007,32.13224,-75.13345,24.4124,-77.27365,16.42509,-78.56723,8.257828,-79,8.39E-05,-78.56723,-8.257652,-77.27368,-16.42492,-75.13351,-24.41223,-72.17014,-32.13208,-68.41608,-39.49989,-63.91241,-46.43492,-58.70856,-52.86121,-52.86145,-58.70833,-46.43518,-63.91224,-39.50015,-68.41592,-32.13235,-72.17001,-24.41254,-75.13341,-16.42523,-77.27361,-8.257965,-78.56721,-0.000213623,-79,8.257507,-78.56725,16.42477,-77.27371,24.41211,-75.13354,32.13196,-72.1702,39.49976,-68.41615,46.43481,-63.91251,52.86111,-58.70863,58.70825,-52.86154,63.91217,-46.43528,68.41586,-39.50027,72.16995,-32.13249,75.13336,-24.41266,77.27359,-16.42536,78.5672,-8.258099,79,-0.000366211
131,0,130.2823,13.69324,128.1373,27.23645,124.5884,40.4812,119.6744,53.28247,113.4493,65.5,105.9812,76.99988,97.35193,87.65613,87.65613,97.35199,76.99988,105.9812,65.5,113.4493,53.28247,119.6744,40.4812,124.5884,27.23645,128.1373,13.69324,130.2823,0,131,-13.69324,130.2823,-27.23645,128.1373,-40.4812,124.5884,-53.28253,119.6744,-65.5,113.4493,-76.99988,105.9812,-87.65607,97.35199,-97.35193,87.65613,-105.9812,76.99994,-113.4493,65.50006,-119.6744,53.28259,-124.5884,40.48132,-128.1373,27.23657,-130.2823,13.69336,-131,0.00012207,-130.2824,-13.69305,-128.1374,-27.23627,-124.5884,-40.48102,-119.6746,-53.28232,-113.4495,-65.49982,-105.9814,-76.99969,-97.35211,-87.65591,-87.65631,-97.35178,-77.00012,-105.981,-65.50024,-113.4492,-53.28278,-119.6743,-40.48157,-124.5883,-27.23676,-128.1373,-13.6936,-130.2823,-0.000366211,-131,13.69287,-130.2824,27.23602,-128.1374,40.48083,-124.5885,53.2821,-119.6746,65.49963,-113.4496,76.99951,-105.9815,87.65576,-97.35229,97.35168,-87.65646,105.981,-77.00027,113.4491,-65.50046,119.6742,-53.28299,124.5883,-40.48175,128.1372,-27.237,130.2823,-13.69379,131,-0.000610352
89,0,88.51245,9.30304,87.05518,18.50415,84.64404,27.5025,81.30554,36.19955,77.07629,44.5,72.00256,52.3129,66.13989,59.55261,59.55261,66.13989,52.31287,72.0025,44.5,77.07629,36.19958,81.30554,27.50256,84.64404,18.50415,87.05511,9.302979,88.51245,0,89,-9.302979,88.51245,-18.50415,87.05511,-27.50256,84.64404,-36.19958,81.30554,-44.5,77.07623,-52.31287,72.0025,-59.55261,66.13989,-66.13989,59.55264,-72.00244,52.31293,-77.07629,44.50003,-81.30554,36.19962,-84.64404,27.50256,-87.05518,18.50421,-88.51245,9.303131,-89,9.16E-05,-88.51245,-9.302917,-87.05518,-18.50403,-84.64404,-27.50238,-81.30554,-36.19943,-77.07629,-44.49988,-72.00256,-52.31274,-66.14001,-59.55249,-59.55273,-66.13977,-52.31299,-72.00241,-44.50012,-77.07617,-36.19971,-81.30545,-27.50269,-84.64395,-18.50439,-87.05508,-9.303223,-88.51242,-0.000244141,-89,9.302734,-88.51248,18.50391,-87.05521,27.5022,-84.6441,36.19934,-81.30566,44.49976,-77.07642,52.31262,-72.00269,59.55237,-66.14011,66.13965,-59.55289,72.00232,-52.31317,77.07605,-44.50031,81.30542,-36.19989,84.64392,-27.50287,87.05505,-18.50452,88.51245,-9.303436,89,-0.000396729
85,0,84.53442,8.884918,83.14258,17.6725,80.83984,26.26645,77.65137,34.57262,73.61218,42.5,68.76648,49.96175,63.16736,56.8761,56.8761,63.16731,49.96179,68.76645,42.5,73.61215,34.57263,77.65137,26.26648,80.83981,17.67249,83.14255,8.884888,84.53436,0,85,-8.884888,84.53436,-17.67249,83.14255,-26.26648,80.83981,-34.57263,77.65137,-42.5,73.61215,-49.96179,68.76645,-56.8761,63.16731,-63.16724,56.87611,-68.76648,49.96178,-73.61218,42.50005,-77.65137,34.57266,-80.83984,26.26651,-83.14258,17.67256,-84.5343,8.88501,-85,9.16E-05,-84.53442,-8.884811,-83.14258,-17.67238,-80.83984,-26.26633,-77.65137,-34.57249,-73.61218,-42.49988,-68.76648,-49.96162,-63.16748,-56.87598,-56.87622,-63.16719,-49.96191,-68.76634,-42.50012,-73.61206,-34.57275,-77.65128,-26.2666,-80.83974,-17.67273,-83.14249,-8.885132,-84.53434,-0.000244141,-85,8.884644,-84.53439,17.67224,-83.1426,26.26624,-80.83989,34.57239,-77.65148,42.49976,-73.6123,49.96155,-68.76662,56.87585,-63.16752,63.16711,-56.87634,68.76624,-49.96202,73.61194,-42.50029,77.65125,-34.57294,80.83972,-26.26678,83.14246,-17.67285,84.5343,-8.8853,85,-0.000396729
104,0,103.4303,10.87096,101.7273,21.62282,98.90991,32.13777,95.00867,42.30061,90.06665,52,84.13782,61.12967,77.28711,69.58958,69.5896,77.28706,61.12964,84.13777,52,90.06665,42.30066,95.00873,32.13782,98.90988,21.6228,101.7274,10.87097,103.4303,0,104,-10.87097,103.4303,-21.6228,101.7273,-32.13776,98.90988,-42.3006,95.00873,-52,90.06664,-61.12964,84.13777,-69.5896,77.28708,-77.28705,69.5896,-84.13776,61.1297,-90.06659,52.00005,-95.00873,42.30067,-98.90985,32.13785,-101.7274,21.6229,-103.4302,10.87106,-104,0.000114441,-103.4303,-10.87083,-101.7274,-21.62268,-98.90991,-32.13762,-95.00879,-42.30046,-90.06671,-51.99985,-84.13788,-61.12952,-77.28717,-69.58943,-69.58972,-77.28692,-61.12982,-84.13763,-52.00018,-90.06652,-42.30084,-95.00863,-32.138,-98.9098,-21.62311,-101.7273,-10.87122,-103.4303,-0.000244141,-104,10.87061,-103.4303,21.62256,-101.7274,32.13745,-98.90998,42.30029,-95.00887,51.99963,-90.06682,61.12939,-84.13799,69.58936,-77.28732,77.28674,-69.58987,84.13757,-61.12999,90.06641,-52.00036,95.00854,-42.301,98.90979,-32.13818,101.7273,-21.62326,103.4302,-10.87142,104,-0.000480652
136,0,135.255,14.21588,133.0281,28.276,129.3437,42.02631,124.2422,55.31619,117.7795,68,110.0263,79.93878,101.0677,91.00177,91.00177,101.0677,79.93878,110.0263,68,117.7795,55.31616,124.2422,42.02631,129.3437,28.276,133.0281,14.21588,135.255,0,136,-14.21588,135.255,-28.276,133.0281,-42.02631,129.3437,-55.31616,124.2422,-68,117.7795,-79.93878,110.0263,-91.00177,101.0677,-101.0677,91.00177,-110.0263,79.93884,-117.7794,68.00006,-124.2421,55.31625,-129.3436,42.0264,-133.0281,28.27609,-135.2549,14.216,-136,0.000152588,-135.255,-14.2157,-133.0281,-28.27582,-129.3438,-42.02612,-124.2422,-55.31598,-117.7795,-67.99979,-110.0264,-79.9386,-101.0679,-91.00156,-91.00195,-101.0675,-79.93903,-110.0262,-68.00024,-117.7793,-55.31647,-124.242,-42.02661,-129.3436,-28.27637,-133.028,-14.21625,-135.2549,-0.000366211,-136,14.21545,-135.255,28.27557,-133.0282,42.02588,-129.3438,55.3158,-124.2424,67.99957,-117.7797,79.93842,-110.0266,91.0014,-101.068,101.0674,-91.00214,110.026,-79.93921,117.7792,-68.00046,124.2419,-55.31671,129.3435,-42.02686,133.028,-28.27658,135.2549,-14.21646,136,-0.000610352
77,0,76.57819,8.048706,75.31738,16.00922,73.23132,23.79431,70.34302,31.31873,66.68396,38.5,62.29431,45.25946,57.22217,51.52307,51.52307,57.22217,45.25946,62.29431,38.5,66.68396,31.31873,70.34302,23.79431,73.23132,16.00922,75.31738,8.048706,76.57819,0,77,-8.048706,76.57819,-16.00922,75.31738,-23.79431,73.23132,-31.31873,70.34302,-38.5,66.68396,-45.25946,62.29431,-51.52304,57.22217,-57.22214,51.52307,-62.29428,45.25952,-66.68393,38.50006,-70.34299,31.31879,-73.23132,23.79437,-75.31735,16.00928,-76.57819,8.048767,-77,6.10E-05,-76.57819,-8.048584,-75.31738,-16.00909,-73.23138,-23.79419,-70.34305,-31.3186,-66.68402,-38.49988,-62.2944,-45.25934,-57.22226,-51.52295,-51.52316,-57.22205,-45.25958,-62.29419,-38.50015,-66.68384,-31.31891,-70.3429,-23.79449,-73.23132,-16.0094,-75.31732,-8.048889,-76.57819,-0.000244141,-77,8.048462,-76.57819,16.00897,-75.31738,23.79407,-73.23145,31.31848,-70.34308,38.49976,-66.68408,45.25922,-62.29449,51.52283,-57.22235,57.22198,-51.52325,62.29413,-45.2597,66.68378,-38.50024,70.3429,-31.31903,73.23126,-23.79462,75.31732,-16.00952,76.57813,-8.049011,77,-0.000366211
96,0,95.47412,10.03473,93.90216,19.95953,91.30145,29.66565,87.70038,39.04669,83.13843,48,77.66565,56.42737,71.34192,64.23651,64.23651,71.34192,56.42737,77.66565,48,83.13843,39.04669,87.70038,29.66565,91.30145,19.95953,93.90216,10.03473,95.47412,0,96,-10.03473,95.47412,-19.95953,93.90216,-29.66565,91.30139,-39.04672,87.70038,-48,83.13843,-56.42737,77.66565,-64.23654,71.34192,-71.34189,64.23657,-77.66562,56.42743,-83.13843,48.00006,-87.70035,39.04675,-91.30139,29.66571,-93.90216,19.95959,-95.47409,10.03485,-96,0.00012207,-95.47412,-10.03461,-93.90219,-19.95941,-91.30145,-29.6655,-87.70044,-39.04657,-83.13852,-47.99985,-77.66574,-56.42725,-71.34204,-64.23639,-64.23669,-71.34177,-56.42755,-77.66553,-48.00018,-83.13834,-39.04694,-87.70026,-29.66586,-91.30136,-19.95978,-93.9021,-10.03497,-95.47406,-0.000244141,-96,10.03442,-95.47412,19.95923,-93.90222,29.66534,-91.30151,39.04645,-87.7005,47.99969,-83.13861,56.42712,-77.66583,64.23627,-71.34213,71.34167,-64.23682,77.66541,-56.42767,83.13824,-48.00034,87.7002,-39.04709,91.30133,-29.66602,93.9021,-19.95993,95.47406,-10.03516,96,-0.000427246
50,0,49.72607,5.22644,48.90735,10.39557,47.55286,15.45087,45.67725,20.33685,43.30127,25,40.45081,29.38928,37.15723,33.45654,33.45654,37.15723,29.38928,40.45087,25,43.30127,20.33679,45.67725,15.45081,47.55286,10.39563,48.90741,5.22644,49.72607,0,50,-5.22644,49.72607,-10.39563,48.90735,-15.45081,47.5528,-20.33679,45.67725,-25,43.30127,-29.38928,40.45087,-33.45654,37.15723,-37.15723,33.45654,-40.45081,29.38928,-43.30127,25,-45.67725,20.33685,-47.55286,15.45087,-48.90735,10.39563,-49.72607,5.226501,-50,6.10E-05,-49.72607,-5.226379,-48.90735,-10.39551,-47.55286,-15.45081,-45.67725,-20.33673,-43.30127,-24.99994,-40.45093,-29.38916,-37.15735,-33.45648,-33.45667,-37.15717,-29.3894,-40.45081,-25.00012,-43.30121,-20.33691,-45.67725,-15.45093,-47.5528,-10.39575,-48.90735,-5.226563,-49.72607,-0.00012207,-50,5.226318,-49.72614,10.39539,-48.90741,15.45068,-47.55286,20.33667,-45.67737,24.99988,-43.30133,29.38916,-40.45093,33.45642,-37.15735,37.1571,-33.45667,40.45068,-29.3894,43.30115,-25.00018,45.67725,-20.33704,47.55273,-15.45105,48.90735,-10.39581,49.72607,-5.226624,50,-0.000244141
106,0,105.4193,11.08002,103.6836,22.03864,100.812,32.7558,96.83582,43.11407,91.79871,53,85.75586,62.30524,78.77332,70.92786,70.92786,78.77335,62.30518,85.7558,53,91.79871,43.11414,96.83582,32.75586,100.812,22.0387,103.6837,11.07996,105.4193,0,106,-11.08008,105.4193,-22.0387,103.6837,-32.75586,100.812,-43.11414,96.83582,-53,91.79871,-62.30518,85.7558,-70.92786,78.77338,-78.77332,70.92786,-85.75574,62.30527,-91.79871,53.00006,-96.83582,43.11414,-100.812,32.75589,-103.6836,22.03873,-105.4193,11.08011,-106,0.00012207,-105.4193,-11.0799,-103.6837,-22.03851,-100.812,-32.75565,-96.83594,-43.11392,-91.79883,-52.99985,-85.75586,-62.30508,-78.77344,-70.9277,-70.92798,-78.77319,-62.30542,-85.75568,-53.00024,-91.79858,-43.11426,-96.83572,-32.7561,-100.8119,-22.03894,-103.6836,-11.08032,-105.4193,-0.000244141,-106,11.07971,-105.4193,22.03833,-103.6837,32.75549,-100.8121,43.11377,-96.83597,52.99963,-91.79889,62.30493,-85.75601,70.92761,-78.77362,78.77307,-70.92813,85.75562,-62.30557,91.79846,-53.00037,96.83569,-43.11447,100.8119,-32.75623,103.6836,-22.03909,105.4193,-11.08047,106,-0.000488281
130,0,129.2878,13.5887,127.1592,27.02852,123.6373,40.17221,118.7609,52.87576,112.5833,65,105.1722,76.41208,96.60876,86.98697,86.98694,96.60883,76.41211,105.1722,65,112.5833,52.87573,118.7609,40.17224,123.6374,27.02856,127.1592,13.58875,129.2878,0,130,-13.58875,129.2878,-27.02856,127.1592,-40.17224,123.6373,-52.87573,118.7609,-65,112.5833,-76.41211,105.1722,-86.98694,96.60883,-96.60876,86.987,-105.1721,76.41214,-112.5833,65.00006,-118.7609,52.87584,-123.6373,40.1723,-127.1592,27.02863,-129.2878,13.58882,-130,0.000137329,-129.2878,-13.58855,-127.1592,-27.02835,-123.6375,-40.17203,-118.761,-52.87558,-112.5834,-64.99982,-105.1724,-76.4119,-96.60901,-86.98679,-86.98718,-96.60865,-76.41235,-105.1721,-65.00024,-112.5832,-52.8761,-118.7608,-40.17249,-123.6373,-27.02881,-127.1591,-13.58911,-129.2878,-0.000366211,-130,13.58826,-129.2879,27.02808,-127.1593,40.17188,-123.6375,52.87537,-118.7611,64.99963,-112.5835,76.41174,-105.1725,86.98657,-96.60915,96.60852,-86.98734,105.1719,-76.41249,112.583,-65.00044,118.7607,-52.87625,123.6372,-40.17273,127.1591,-27.02907,129.2878,-13.58928,130,-0.000595093
120,0,119.3427,12.54341,117.3777,24.9494,114.1268,37.08205,109.6254,48.8084,103.923,60,97.08203,70.53423,89.17737,80.29567,80.29565,89.17738,70.53424,97.08205,60,103.923,48.80841,109.6255,37.08203,114.1268,24.9494,117.3777,12.5434,119.3426,0,120,-12.5434,119.3426,-24.9494,117.3777,-37.08203,114.1268,-48.80841,109.6255,-60,103.923,-70.53421,97.08205,-80.29565,89.1774,-89.17737,80.2957,-97.082,70.53427,-103.923,60.00006,-109.6254,48.80847,-114.1268,37.08212,-117.3777,24.94951,-119.3426,12.54353,-120,0.0001297,-119.3427,-12.54327,-117.3777,-24.94925,-114.1268,-37.08187,-109.6255,-48.80823,-103.9232,-59.99982,-97.08218,-70.53406,-89.17752,-80.2955,-80.29587,-89.17722,-70.53442,-97.08189,-60.00024,-103.9229,-48.80865,-109.6253,-37.08234,-114.1267,-24.94971,-117.3776,-12.54376,-119.3426,-0.000366211,-120,12.54309,-119.3427,24.94904,-117.3778,37.08167,-114.1269,48.80804,-109.6256,59.99963,-103.9233,70.53387,-97.08229,80.29535,-89.17767,89.17706,-80.29601,97.08179,-70.53461,103.9228,-60.00041,109.6252,-48.80885,114.1266,-37.08252,117.3776,-24.94991,119.3426,-12.54395,120,-0.000549316
121,0,120.3372,12.64795,118.3559,25.15729,115.0778,37.39105,110.539,49.21515,104.7891,60.5,97.89105,71.12201,89.92052,80.96478,80.9648,89.92053,71.12201,97.89105,60.5,104.7891,49.21513,110.539,37.39105,115.0778,25.1573,118.3558,12.64793,120.3372,-7.63E-06,121,-12.64795,120.3372,-25.15732,118.3558,-37.39106,115.0778,-49.21514,110.539,-60.50001,104.7891,-71.12201,97.89105,-80.96479,89.92053,-89.9205,80.96484,-97.89103,71.12207,-104.789,60.50006,-110.539,49.21521,-115.0778,37.39117,-118.3558,25.15741,-120.3371,12.64807,-121,0.00012207,-120.3372,-12.64783,-118.3559,-25.15717,-115.0779,-37.39087,-110.5391,-49.21497,-104.7892,-60.49982,-97.89119,-71.12183,-89.92068,-80.96466,-80.96498,-89.92035,-71.12222,-97.89093,-60.50024,-104.7889,-49.2154,-110.5389,-37.39134,-115.0778,-25.15762,-118.3558,-12.64827,-120.3371,-0.000343323,-121,12.64758,-120.3372,25.15695,-118.3559,37.39069,-115.0779,49.21477,-110.5392,60.49963,-104.7893,71.12167,-97.8913,80.96448,-89.92084,89.92021,-80.96515,97.89078,-71.12238,104.7888,-60.50043,110.5388,-49.21558,115.0777,-37.39154,118.3557,-25.15784,120.3371,-12.6485,121,-0.000549316
